"method"	"path"	"declaring_service"	"source_file"	"annotation_line"	"signature_end_line"	"classification"	"confidence"
"GET"	"/v2/alist/profiles/{profileId}"	"com.grindrapp.android.aList.data.api.AListRestService"	"sources/com/grindrapp/android/aList/data/api/AListRestService.java"	"23"	"24"	"first-party/Grindr"	"high"
"GET"	"/v6/alist/profiles"	"com.grindrapp.android.aList.data.api.AListRestService"	"sources/com/grindrapp/android/aList/data/api/AListRestService.java"	"26"	"27"	"first-party/Grindr"	"high"
"GET"	"/v3/alist/updates"	"com.grindrapp.android.aList.data.api.AListRestService"	"sources/com/grindrapp/android/aList/data/api/AListRestService.java"	"29"	"30"	"first-party/Grindr"	"high"
"DELETE"	"/v1/alist/profiles/{profileId}"	"com.grindrapp.android.aList.data.api.AListRestService"	"sources/com/grindrapp/android/aList/data/api/AListRestService.java"	"32"	"33"	"first-party/Grindr"	"high"
"POST"	"/v1/alist/feedback/{conversationId}"	"com.grindrapp.android.aList.data.api.AListRestService"	"sources/com/grindrapp/android/aList/data/api/AListRestService.java"	"35"	"36"	"first-party/Grindr"	"high"
"POST"	"/v1/alist/trigger-generation"	"com.grindrapp.android.aList.data.api.AListRestService"	"sources/com/grindrapp/android/aList/data/api/AListRestService.java"	"38"	"39"	"first-party/Grindr"	"high"
"GET"	"v1/bls/me/active-studies"	"com.grindrapp.android.ads.feature.bls.data.datasource.api.service.BlsService"	"sources/com/grindrapp/android/ads/feature/bls/data/datasource/api/service/BlsService.java"	"13"	"14"	"first-party/Grindr"	"high"
"HEAD"	"<dynamic @Url or empty>"	"com.grindrapp.android.ads.feature.dnsadblockerdetector.data.remote.AdBlockerDetectionConfirmationService"	"sources/com/grindrapp/android/ads/feature/dnsadblockerdetector/data/remote/AdBlockerDetectionConfirmationService.java"	"13"	"14"	"first-party/Grindr"	"medium"
"HEAD"	"<dynamic @Url or empty>"	"com.grindrapp.android.ads.feature.dnsadblockerdetector.data.remote.AdBlockerDetectionService"	"sources/com/grindrapp/android/ads/feature/dnsadblockerdetector/data/remote/AdBlockerDetectionService.java"	"13"	"14"	"first-party/Grindr"	"medium"
"GET"	"v1/rewarded-ads/rewards"	"com.grindrapp.android.ads.feature.rewarded.data.api.RewardedAdService"	"sources/com/grindrapp/android/ads/feature/rewarded/data/api/RewardedAdService.java"	"18"	"19"	"first-party/Grindr"	"high"
"PUT"	"v1/rewarded-ads/rewards/restriction"	"com.grindrapp.android.ads.feature.rewarded.data.api.RewardedAdService"	"sources/com/grindrapp/android/ads/feature/rewarded/data/api/RewardedAdService.java"	"21"	"22"	"first-party/Grindr"	"high"
"PUT"	"v1/rewarded-ads/consumption"	"com.grindrapp.android.ads.feature.rewarded.data.api.RewardedAdService"	"sources/com/grindrapp/android/ads/feature/rewarded/data/api/RewardedAdService.java"	"24"	"25"	"first-party/Grindr"	"high"
"GET"	"/v1/signalshare"	"com.grindrapp.android.ads.feature.signalshare.data.service.SignalInfoService"	"sources/com/grindrapp/android/ads/feature/signalshare/data/service/SignalInfoService.java"	"11"	"12"	"first-party/Grindr"	"high"
"POST"	"v5/legal-agreements/subscriber-sponsored-content"	"com.grindrapp.android.ads.feature.sponsoredcontent.data.api.SponsoredContentApiService"	"sources/com/grindrapp/android/ads/feature/sponsoredcontent/data/api/SponsoredContentApiService.java"	"18"	"19"	"first-party/Grindr"	"high"
"DELETE"	"v5/legal-agreements/subscriber-sponsored-content"	"com.grindrapp.android.ads.feature.sponsoredcontent.data.api.SponsoredContentApiService"	"sources/com/grindrapp/android/ads/feature/sponsoredcontent/data/api/SponsoredContentApiService.java"	"21"	"22"	"first-party/Grindr"	"high"
"GET"	"v5/legal-agreements/subscriber-sponsored-content"	"com.grindrapp.android.ads.feature.sponsoredcontent.data.api.SponsoredContentApiService"	"sources/com/grindrapp/android/ads/feature/sponsoredcontent/data/api/SponsoredContentApiService.java"	"24"	"25"	"first-party/Grindr"	"high"
"GET"	"v1/age-verification/options"	"com.grindrapp.android.ageverification.data.remote.api.AgeVerificationApiService"	"sources/com/grindrapp/android/ageverification/data/remote/api/AgeVerificationApiService.java"	"21"	"22"	"first-party/Grindr"	"high"
"POST"	"v1/age-verification/session"	"com.grindrapp.android.ageverification.data.remote.api.AgeVerificationApiService"	"sources/com/grindrapp/android/ageverification/data/remote/api/AgeVerificationApiService.java"	"24"	"25"	"first-party/Grindr"	"high"
"POST"	"v1/age-verification/verify/enrollment"	"com.grindrapp.android.ageverification.data.remote.api.AgeVerificationApiService"	"sources/com/grindrapp/android/ageverification/data/remote/api/AgeVerificationApiService.java"	"27"	"28"	"first-party/Grindr"	"high"
"POST"	"v1/age-verification/verify/liveness3d"	"com.grindrapp.android.ageverification.data.remote.api.AgeVerificationApiService"	"sources/com/grindrapp/android/ageverification/data/remote/api/AgeVerificationApiService.java"	"30"	"31"	"first-party/Grindr"	"high"
"POST"	"v1/age-verification/verify/document"	"com.grindrapp.android.ageverification.data.remote.api.AgeVerificationApiService"	"sources/com/grindrapp/android/ageverification/data/remote/api/AgeVerificationApiService.java"	"33"	"34"	"first-party/Grindr"	"high"
"POST"	"v2/age-verification/verify"	"com.grindrapp.android.ageverification.data.remote.api.AgeVerificationApiService"	"sources/com/grindrapp/android/ageverification/data/remote/api/AgeVerificationApiService.java"	"36"	"37"	"first-party/Grindr"	"high"
"POST"	"v3/pressie-albums/feed"	"com.grindrapp.android.albums.data.api.AlbumsService"	"sources/com/grindrapp/android/albums/data/api/AlbumsService.java"	"23"	"24"	"first-party/Grindr"	"high"
"GET"	"v3/pressie-albums/feed/{profileId}"	"com.grindrapp.android.albums.data.api.AlbumsService"	"sources/com/grindrapp/android/albums/data/api/AlbumsService.java"	"26"	"27"	"first-party/Grindr"	"high"
"POST"	"v3/pressie-albums/feed/paywall/"	"com.grindrapp.android.albums.data.api.AlbumsService"	"sources/com/grindrapp/android/albums/data/api/AlbumsService.java"	"29"	"30"	"first-party/Grindr"	"high"
"POST"	"v3/pressie-albums/fresh-feed"	"com.grindrapp.android.albums.data.api.AlbumsService"	"sources/com/grindrapp/android/albums/data/api/AlbumsService.java"	"32"	"33"	"first-party/Grindr"	"high"
"GET"	"v1/albums"	"com.grindrapp.android.albums.data.api.AlbumsService"	"sources/com/grindrapp/android/albums/data/api/AlbumsService.java"	"35"	"36"	"first-party/Grindr"	"high"
"POST"	"v3/pressie-albums/feed/update/read"	"com.grindrapp.android.albums.data.api.AlbumsService"	"sources/com/grindrapp/android/albums/data/api/AlbumsService.java"	"38"	"39"	"first-party/Grindr"	"high"
"PUT"	"v1/warnings"	"com.grindrapp.android.api.BannedWarningService"	"sources/com/grindrapp/android/api/BannedWarningService.java"	"15"	"16"	"first-party/Grindr"	"high"
"GET"	"v2/warnings"	"com.grindrapp.android.api.BannedWarningService"	"sources/com/grindrapp/android/api/BannedWarningService.java"	"18"	"19"	"first-party/Grindr"	"high"
"POST"	"/v3/logging/mobile/logs"	"com.grindrapp.android.api.ClientLogRestService"	"sources/com/grindrapp/android/api/ClientLogRestService.java"	"17"	"18"	"first-party/Grindr"	"high"
"POST"	"/v3/logging/mobile/logs"	"com.grindrapp.android.api.ClientLogRestService"	"sources/com/grindrapp/android/api/ClientLogRestService.java"	"21"	"22"	"first-party/Grindr"	"high"
"GET"	"/{version}/rewarded-chats"	"com.grindrapp.android.api.ExploreFreeChatsRemainingService"	"sources/com/grindrapp/android/api/ExploreFreeChatsRemainingService.java"	"16"	"17"	"first-party/Grindr"	"high"
"POST"	"/{version}/rewarded-chats"	"com.grindrapp.android.api.ExploreFreeChatsRemainingService"	"sources/com/grindrapp/android/api/ExploreFreeChatsRemainingService.java"	"19"	"20"	"first-party/Grindr"	"high"
"GET"	"/v4/links/{key}"	"com.grindrapp.android.api.LinkRestService"	"sources/com/grindrapp/android/api/LinkRestService.java"	"15"	"16"	"first-party/Grindr"	"high"
"POST"	"v3/users/update-password"	"com.grindrapp.android.api.LoginRestService"	"sources/com/grindrapp/android/api/LoginRestService.java"	"37"	"38"	"first-party/Grindr"	"high"
"POST"	"<dynamic @Url or empty>"	"com.grindrapp.android.api.LoginRestService"	"sources/com/grindrapp/android/api/LoginRestService.java"	"41"	"42"	"first-party/Grindr"	"medium"
"POST"	"v8/users/thirdparty"	"com.grindrapp.android.api.LoginRestService"	"sources/com/grindrapp/android/api/LoginRestService.java"	"45"	"46"	"first-party/Grindr"	"high"
"POST"	"v7/users/thirdparty"	"com.grindrapp.android.api.LoginRestService"	"sources/com/grindrapp/android/api/LoginRestService.java"	"49"	"50"	"first-party/Grindr"	"high"
"POST"	"v8/dev/users/thirdparty"	"com.grindrapp.android.api.LoginRestService"	"sources/com/grindrapp/android/api/LoginRestService.java"	"53"	"54"	"first-party/Grindr"	"high"
"POST"	"v3/users/forgot-password"	"com.grindrapp.android.api.LoginRestService"	"sources/com/grindrapp/android/api/LoginRestService.java"	"57"	"58"	"first-party/Grindr"	"high"
"POST"	"v3/users/thirdparty/exchange"	"com.grindrapp.android.api.LoginRestService"	"sources/com/grindrapp/android/api/LoginRestService.java"	"61"	"62"	"first-party/Grindr"	"high"
"POST"	"<dynamic @Url or empty>"	"com.grindrapp.android.api.LoginRestService"	"sources/com/grindrapp/android/api/LoginRestService.java"	"65"	"66"	"first-party/Grindr"	"medium"
"POST"	"v4/sms/sessions"	"com.grindrapp.android.api.LoginRestService"	"sources/com/grindrapp/android/api/LoginRestService.java"	"69"	"70"	"first-party/Grindr"	"high"
"POST"	"v4/sms/users/update-password"	"com.grindrapp.android.api.LoginRestService"	"sources/com/grindrapp/android/api/LoginRestService.java"	"73"	"74"	"first-party/Grindr"	"high"
"POST"	"v3/gcm-push-tokens"	"com.grindrapp.android.api.LoginRestService"	"sources/com/grindrapp/android/api/LoginRestService.java"	"77"	"78"	"first-party/Grindr"	"high"
"POST"	"<dynamic @Url or empty>"	"com.grindrapp.android.api.LoginRestService"	"sources/com/grindrapp/android/api/LoginRestService.java"	"81"	"82"	"first-party/Grindr"	"medium"
"POST"	"v3/users/email"	"com.grindrapp.android.api.LoginRestService"	"sources/com/grindrapp/android/api/LoginRestService.java"	"85"	"86"	"first-party/Grindr"	"high"
"POST"	"v3/users/password-validation"	"com.grindrapp.android.api.LoginRestService"	"sources/com/grindrapp/android/api/LoginRestService.java"	"89"	"90"	"first-party/Grindr"	"high"
"GET"	"v3/me/prefs"	"com.grindrapp.android.api.PhrasesRestService"	"sources/com/grindrapp/android/api/PhrasesRestService.java"	"13"	"14"	"first-party/Grindr"	"high"
"PUT"	"/v1/favorites/notes/{targetProfileId}"	"com.grindrapp.android.api.ProfileNotesRestService"	"sources/com/grindrapp/android/api/ProfileNotesRestService.java"	"21"	"22"	"first-party/Grindr"	"high"
"PUT"	"/v1/favorites/notes"	"com.grindrapp.android.api.ProfileNotesRestService"	"sources/com/grindrapp/android/api/ProfileNotesRestService.java"	"24"	"25"	"first-party/Grindr"	"high"
"DELETE"	"/v1/favorites/notes/{targetProfileId}"	"com.grindrapp.android.api.ProfileNotesRestService"	"sources/com/grindrapp/android/api/ProfileNotesRestService.java"	"27"	"28"	"first-party/Grindr"	"high"
"GET"	"/v1/favorites/notes/{targetProfileId}"	"com.grindrapp.android.api.ProfileNotesRestService"	"sources/com/grindrapp/android/api/ProfileNotesRestService.java"	"30"	"31"	"first-party/Grindr"	"high"
"GET"	"/v1/favorites/notes"	"com.grindrapp.android.api.ProfileNotesRestService"	"sources/com/grindrapp/android/api/ProfileNotesRestService.java"	"33"	"34"	"first-party/Grindr"	"high"
"POST"	"/v4/profiles/reachable"	"com.grindrapp.android.api.ProfileRestService"	"sources/com/grindrapp/android/api/ProfileRestService.java"	"33"	"34"	"first-party/Grindr"	"high"
"DELETE"	"/v3/me/profile/images"	"com.grindrapp.android.api.ProfileRestService"	"sources/com/grindrapp/android/api/ProfileRestService.java"	"36"	"37"	"first-party/Grindr"	"high"
"DELETE"	"v3/me/profile"	"com.grindrapp.android.api.ProfileRestService"	"sources/com/grindrapp/android/api/ProfileRestService.java"	"39"	"40"	"first-party/Grindr"	"high"
"POST"	"v3/me/favorites/{id}"	"com.grindrapp.android.api.ProfileRestService"	"sources/com/grindrapp/android/api/ProfileRestService.java"	"42"	"43"	"first-party/Grindr"	"high"
"GET"	"v4/me/muted-profiles"	"com.grindrapp.android.api.ProfileRestService"	"sources/com/grindrapp/android/api/ProfileRestService.java"	"45"	"46"	"first-party/Grindr"	"high"
"GET"	"/v3/places/search"	"com.grindrapp.android.api.ProfileRestService"	"sources/com/grindrapp/android/api/ProfileRestService.java"	"48"	"49"	"first-party/Grindr"	"high"
"GET"	"v7/profiles/{id}"	"com.grindrapp.android.api.ProfileRestService"	"sources/com/grindrapp/android/api/ProfileRestService.java"	"51"	"52"	"first-party/Grindr"	"high"
"POST"	"v3/profiles"	"com.grindrapp.android.api.ProfileRestService"	"sources/com/grindrapp/android/api/ProfileRestService.java"	"54"	"55"	"first-party/Grindr"	"high"
"POST"	"v5/views/{profileId}"	"com.grindrapp.android.api.ProfileRestService"	"sources/com/grindrapp/android/api/ProfileRestService.java"	"57"	"58"	"first-party/Grindr"	"high"
"DELETE"	"v3/me/favorites/{id}"	"com.grindrapp.android.api.ProfileRestService"	"sources/com/grindrapp/android/api/ProfileRestService.java"	"60"	"61"	"first-party/Grindr"	"high"
"PUT"	"v3.1/me/profile"	"com.grindrapp.android.api.ProfileRestService"	"sources/com/grindrapp/android/api/ProfileRestService.java"	"63"	"64"	"first-party/Grindr"	"high"
"PUT"	"v3.1/me/profile"	"com.grindrapp.android.api.ProfileRestService"	"sources/com/grindrapp/android/api/ProfileRestService.java"	"66"	"67"	"first-party/Grindr"	"high"
"PATCH"	"/v4/me/profile"	"com.grindrapp.android.api.ProfileRestService"	"sources/com/grindrapp/android/api/ProfileRestService.java"	"69"	"70"	"first-party/Grindr"	"high"
"POST"	"<dynamic @Url or empty>"	"com.grindrapp.android.api.RefreshSessionRestService"	"sources/com/grindrapp/android/api/RefreshSessionRestService.java"	"19"	"20"	"first-party/Grindr"	"medium"
"POST"	"/v4/sms/sessions"	"com.grindrapp.android.api.RefreshSessionRestService"	"sources/com/grindrapp/android/api/RefreshSessionRestService.java"	"22"	"23"	"first-party/Grindr"	"high"
"POST"	"<dynamic @Url or empty>"	"com.grindrapp.android.api.RefreshSessionRestService"	"sources/com/grindrapp/android/api/RefreshSessionRestService.java"	"25"	"26"	"first-party/Grindr"	"medium"
"GET"	"/v2/access-requests"	"com.grindrapp.android.api.RequestDataService"	"sources/com/grindrapp/android/api/RequestDataService.java"	"18"	"19"	"first-party/Grindr"	"high"
"POST"	"/v2/access-requests/confirm"	"com.grindrapp.android.api.RequestDataService"	"sources/com/grindrapp/android/api/RequestDataService.java"	"21"	"22"	"first-party/Grindr"	"high"
"POST"	"/v2/access-requests"	"com.grindrapp.android.api.RequestDataService"	"sources/com/grindrapp/android/api/RequestDataService.java"	"24"	"25"	"first-party/Grindr"	"high"
"POST"	"/v2/access-requests/codes"	"com.grindrapp.android.api.RequestDataService"	"sources/com/grindrapp/android/api/RequestDataService.java"	"27"	"28"	"first-party/Grindr"	"high"
"GET"	"v7/search"	"com.grindrapp.android.api.SearchApiRestService"	"sources/com/grindrapp/android/api/SearchApiRestService.java"	"15"	"16"	"first-party/Grindr"	"high"
"GET"	"v1/visiting/home"	"com.grindrapp.android.api.SettingsRestService"	"sources/com/grindrapp/android/api/SettingsRestService.java"	"21"	"22"	"first-party/Grindr"	"high"
"GET"	"v3/me/prefs/settings"	"com.grindrapp.android.api.SettingsRestService"	"sources/com/grindrapp/android/api/SettingsRestService.java"	"24"	"25"	"first-party/Grindr"	"high"
"PUT"	"v1/visiting/home"	"com.grindrapp.android.api.SettingsRestService"	"sources/com/grindrapp/android/api/SettingsRestService.java"	"27"	"28"	"first-party/Grindr"	"high"
"PUT"	"v3/me/prefs/settings"	"com.grindrapp.android.api.SettingsRestService"	"sources/com/grindrapp/android/api/SettingsRestService.java"	"30"	"31"	"first-party/Grindr"	"high"
"PUT"	"v1/visiting/settings"	"com.grindrapp.android.api.SettingsRestService"	"sources/com/grindrapp/android/api/SettingsRestService.java"	"33"	"34"	"first-party/Grindr"	"high"
"GET"	"v1/visiting/settings"	"com.grindrapp.android.api.SettingsRestService"	"sources/com/grindrapp/android/api/SettingsRestService.java"	"36"	"37"	"first-party/Grindr"	"high"
"POST"	"v4/sms/sendcode"	"com.grindrapp.android.api.SmsVerificationService"	"sources/com/grindrapp/android/api/SmsVerificationService.java"	"19"	"20"	"first-party/Grindr"	"high"
"POST"	"v4/sms/users/update-password/sendcode"	"com.grindrapp.android.api.SmsVerificationService"	"sources/com/grindrapp/android/api/SmsVerificationService.java"	"23"	"24"	"first-party/Grindr"	"high"
"POST"	"/v4/sms/verification/{profileId}/sendcode"	"com.grindrapp.android.api.SmsVerificationService"	"sources/com/grindrapp/android/api/SmsVerificationService.java"	"27"	"28"	"first-party/Grindr"	"high"
"POST"	"v4/sms/verifycode"	"com.grindrapp.android.api.SmsVerificationService"	"sources/com/grindrapp/android/api/SmsVerificationService.java"	"31"	"32"	"first-party/Grindr"	"high"
"POST"	"v4/sms/verification/{profileId}/verifycode"	"com.grindrapp.android.api.SmsVerificationService"	"sources/com/grindrapp/android/api/SmsVerificationService.java"	"35"	"36"	"first-party/Grindr"	"high"
"GET"	"/v3.1/me/profile/images"	"com.grindrapp.android.api.UploadFileRestService"	"sources/com/grindrapp/android/api/UploadFileRestService.java"	"23"	"24"	"first-party/Grindr"	"high"
"PUT"	"/v3/me/profile/images"	"com.grindrapp.android.api.UploadFileRestService"	"sources/com/grindrapp/android/api/UploadFileRestService.java"	"26"	"27"	"first-party/Grindr"	"high"
"POST"	"/v3/me/profile/images"	"com.grindrapp.android.api.UploadFileRestService"	"sources/com/grindrapp/android/api/UploadFileRestService.java"	"29"	"30"	"first-party/Grindr"	"high"
"POST"	"/v4/media/upload"	"com.grindrapp.android.api.UploadFileRestService"	"sources/com/grindrapp/android/api/UploadFileRestService.java"	"32"	"33"	"first-party/Grindr"	"high"
"POST"	"/v5/media/upload"	"com.grindrapp.android.api.UploadFileRestService"	"sources/com/grindrapp/android/api/UploadFileRestService.java"	"35"	"36"	"first-party/Grindr"	"high"
"POST"	"v1/albums/{albumId}/content/chat/list-by-id"	"com.grindrapp.android.api.albums.AlbumsRestService"	"sources/com/grindrapp/android/api/albums/AlbumsRestService.java"	"45"	"46"	"first-party/Grindr"	"high"
"GET"	"v3/albums/{albumId}/view"	"com.grindrapp.android.api.albums.AlbumsRestService"	"sources/com/grindrapp/android/api/albums/AlbumsRestService.java"	"48"	"49"	"first-party/Grindr"	"high"
"GET"	"v1/albums/{albumId}/content/{contentId}/processing"	"com.grindrapp.android.api.albums.AlbumsRestService"	"sources/com/grindrapp/android/api/albums/AlbumsRestService.java"	"51"	"52"	"first-party/Grindr"	"high"
"POST"	"v2/albums"	"com.grindrapp.android.api.albums.AlbumsRestService"	"sources/com/grindrapp/android/api/albums/AlbumsRestService.java"	"54"	"55"	"first-party/Grindr"	"high"
"DELETE"	"v1/albums/{albumId}/content/{contentId}"	"com.grindrapp.android.api.albums.AlbumsRestService"	"sources/com/grindrapp/android/api/albums/AlbumsRestService.java"	"57"	"58"	"first-party/Grindr"	"high"
"DELETE"	"v1/albums/{albumId}"	"com.grindrapp.android.api.albums.AlbumsRestService"	"sources/com/grindrapp/android/api/albums/AlbumsRestService.java"	"60"	"61"	"first-party/Grindr"	"high"
"GET"	"v2/albums/{albumId}"	"com.grindrapp.android.api.albums.AlbumsRestService"	"sources/com/grindrapp/android/api/albums/AlbumsRestService.java"	"63"	"64"	"first-party/Grindr"	"high"
"POST"	"/v2/albums/shares"	"com.grindrapp.android.api.albums.AlbumsRestService"	"sources/com/grindrapp/android/api/albums/AlbumsRestService.java"	"66"	"67"	"first-party/Grindr"	"high"
"GET"	"v2/albums/shares"	"com.grindrapp.android.api.albums.AlbumsRestService"	"sources/com/grindrapp/android/api/albums/AlbumsRestService.java"	"69"	"70"	"first-party/Grindr"	"high"
"POST"	"v3/pressie-albums/feed"	"com.grindrapp.android.api.albums.AlbumsRestService"	"sources/com/grindrapp/android/api/albums/AlbumsRestService.java"	"72"	"73"	"first-party/Grindr"	"high"
"GET"	"v2/albums/shares/{profileId}"	"com.grindrapp.android.api.albums.AlbumsRestService"	"sources/com/grindrapp/android/api/albums/AlbumsRestService.java"	"75"	"76"	"first-party/Grindr"	"high"
"GET"	"v1/albums"	"com.grindrapp.android.api.albums.AlbumsRestService"	"sources/com/grindrapp/android/api/albums/AlbumsRestService.java"	"78"	"79"	"first-party/Grindr"	"high"
"GET"	"v1/albums/storage"	"com.grindrapp.android.api.albums.AlbumsRestService"	"sources/com/grindrapp/android/api/albums/AlbumsRestService.java"	"81"	"82"	"first-party/Grindr"	"high"
"GET"	"v1/albums/{albumId}/content/{contentId}/poster"	"com.grindrapp.android.api.albums.AlbumsRestService"	"sources/com/grindrapp/android/api/albums/AlbumsRestService.java"	"84"	"85"	"first-party/Grindr"	"high"
"GET"	"v1/albums/{albumId}/shares"	"com.grindrapp.android.api.albums.AlbumsRestService"	"sources/com/grindrapp/android/api/albums/AlbumsRestService.java"	"87"	"88"	"first-party/Grindr"	"high"
"GET"	"v3/pressie-albums/feed/{profileId}"	"com.grindrapp.android.api.albums.AlbumsRestService"	"sources/com/grindrapp/android/api/albums/AlbumsRestService.java"	"90"	"91"	"first-party/Grindr"	"high"
"POST"	"v3/pressie-albums/feed/paywall/"	"com.grindrapp.android.api.albums.AlbumsRestService"	"sources/com/grindrapp/android/api/albums/AlbumsRestService.java"	"93"	"94"	"first-party/Grindr"	"high"
"GET"	"v1/albums/red-dot"	"com.grindrapp.android.api.albums.AlbumsRestService"	"sources/com/grindrapp/android/api/albums/AlbumsRestService.java"	"96"	"97"	"first-party/Grindr"	"high"
"PUT"	"v1/albums/red-dot"	"com.grindrapp.android.api.albums.AlbumsRestService"	"sources/com/grindrapp/android/api/albums/AlbumsRestService.java"	"99"	"100"	"first-party/Grindr"	"high"
"POST"	"v1/albums/{albumId}/view/content/{contentId}"	"com.grindrapp.android.api.albums.AlbumsRestService"	"sources/com/grindrapp/android/api/albums/AlbumsRestService.java"	"102"	"103"	"first-party/Grindr"	"high"
"PUT"	"v1/albums/{albumId}/shares/remove"	"com.grindrapp.android.api.albums.AlbumsRestService"	"sources/com/grindrapp/android/api/albums/AlbumsRestService.java"	"105"	"106"	"first-party/Grindr"	"high"
"POST"	"v4/albums/{albumId}/shares"	"com.grindrapp.android.api.albums.AlbumsRestService"	"sources/com/grindrapp/android/api/albums/AlbumsRestService.java"	"108"	"109"	"first-party/Grindr"	"high"
"PUT"	"v1/albums/{albumId}/unshares"	"com.grindrapp.android.api.albums.AlbumsRestService"	"sources/com/grindrapp/android/api/albums/AlbumsRestService.java"	"111"	"112"	"first-party/Grindr"	"high"
"PUT"	"v2/albums/{albumId}"	"com.grindrapp.android.api.albums.AlbumsRestService"	"sources/com/grindrapp/android/api/albums/AlbumsRestService.java"	"114"	"115"	"first-party/Grindr"	"high"
"POST"	"v1/albums/{albumId}/content/order"	"com.grindrapp.android.api.albums.AlbumsRestService"	"sources/com/grindrapp/android/api/albums/AlbumsRestService.java"	"117"	"118"	"first-party/Grindr"	"high"
"POST"	"v1/albums/{albumId}/content"	"com.grindrapp.android.api.albums.AlbumsRestService"	"sources/com/grindrapp/android/api/albums/AlbumsRestService.java"	"120"	"122"	"first-party/Grindr"	"high"
"POST"	"v3/pressie-albums/feed/update/read"	"com.grindrapp.android.api.albums.AlbumsRestService"	"sources/com/grindrapp/android/api/albums/AlbumsRestService.java"	"124"	"125"	"first-party/Grindr"	"high"
"GET"	"v1/consumables/inventory"	"com.grindrapp.android.boost2.data.datasource.api.BoostService"	"sources/com/grindrapp/android/boost2/data/datasource/api/BoostService.java"	"22"	"23"	"first-party/Grindr"	"high"
"GET"	"/v2/boost/sessions"	"com.grindrapp.android.boost2.data.datasource.api.BoostService"	"sources/com/grindrapp/android/boost2/data/datasource/api/BoostService.java"	"25"	"26"	"first-party/Grindr"	"high"
"POST"	"/v1/boost/sessions/pause"	"com.grindrapp.android.boost2.data.datasource.api.BoostService"	"sources/com/grindrapp/android/boost2/data/datasource/api/BoostService.java"	"28"	"29"	"first-party/Grindr"	"high"
"POST"	"/v1/boost/preferences/standard"	"com.grindrapp.android.boost2.data.datasource.api.BoostService"	"sources/com/grindrapp/android/boost2/data/datasource/api/BoostService.java"	"31"	"32"	"first-party/Grindr"	"high"
"POST"	"/v1/boost/preferences/mega"	"com.grindrapp.android.boost2.data.datasource.api.BoostService"	"sources/com/grindrapp/android/boost2/data/datasource/api/BoostService.java"	"34"	"35"	"first-party/Grindr"	"high"
"POST"	"/v1/boost/preferences/super"	"com.grindrapp.android.boost2.data.datasource.api.BoostService"	"sources/com/grindrapp/android/boost2/data/datasource/api/BoostService.java"	"37"	"38"	"first-party/Grindr"	"high"
"POST"	"v1/consumables/redeem/boost"	"com.grindrapp.android.boost2.data.datasource.api.BoostService"	"sources/com/grindrapp/android/boost2/data/datasource/api/BoostService.java"	"40"	"41"	"first-party/Grindr"	"high"
"POST"	"/internal/v1/boost/sessions"	"com.grindrapp.android.boost2.data.datasource.api.BoostService"	"sources/com/grindrapp/android/boost2/data/datasource/api/BoostService.java"	"43"	"44"	"first-party/Grindr"	"high"
"POST"	"/v1/boost/sessions/unpause"	"com.grindrapp.android.boost2.data.datasource.api.BoostService"	"sources/com/grindrapp/android/boost2/data/datasource/api/BoostService.java"	"46"	"47"	"first-party/Grindr"	"high"
"GET"	"v3/bootstrap"	"com.grindrapp.android.bootstrap.api.BootstrapRestService"	"sources/com/grindrapp/android/bootstrap/api/BootstrapRestService.java"	"13"	"14"	"first-party/Grindr"	"high"
"GET"	"v4/cascade"	"com.grindrapp.android.cascade.data.api.CascadeService"	"sources/com/grindrapp/android/cascade/data/api/CascadeService.java"	"15"	"16"	"first-party/Grindr"	"high"
"POST"	"v3/me/prefs/phrases"	"com.grindrapp.android.chat.data.datasource.api.service.ChatRestService"	"sources/com/grindrapp/android/chat/data/datasource/api/service/ChatRestService.java"	"41"	"42"	"first-party/Grindr"	"high"
"DELETE"	"v4/chat/conversation/{conversationId}"	"com.grindrapp.android.chat.data.datasource.api.service.ChatRestService"	"sources/com/grindrapp/android/chat/data/datasource/api/service/ChatRestService.java"	"44"	"45"	"first-party/Grindr"	"high"
"POST"	"v4/chat/message/delete"	"com.grindrapp.android.chat.data.datasource.api.service.ChatRestService"	"sources/com/grindrapp/android/chat/data/datasource/api/service/ChatRestService.java"	"47"	"48"	"first-party/Grindr"	"high"
"DELETE"	"v3/me/prefs/phrases/{id}"	"com.grindrapp.android.chat.data.datasource.api.service.ChatRestService"	"sources/com/grindrapp/android/chat/data/datasource/api/service/ChatRestService.java"	"50"	"51"	"first-party/Grindr"	"high"
"GET"	"/v4/pics/expiring/status"	"com.grindrapp.android.chat.data.datasource.api.service.ChatRestService"	"sources/com/grindrapp/android/chat/data/datasource/api/service/ChatRestService.java"	"53"	"54"	"first-party/Grindr"	"high"
"POST"	"v3/inbox"	"com.grindrapp.android.chat.data.datasource.api.service.ChatRestService"	"sources/com/grindrapp/android/chat/data/datasource/api/service/ChatRestService.java"	"56"	"57"	"first-party/Grindr"	"high"
"POST"	"v3/inbox"	"com.grindrapp.android.chat.data.datasource.api.service.ChatRestService"	"sources/com/grindrapp/android/chat/data/datasource/api/service/ChatRestService.java"	"59"	"60"	"first-party/Grindr"	"high"
"POST"	"v4/inbox"	"com.grindrapp.android.chat.data.datasource.api.service.ChatRestService"	"sources/com/grindrapp/android/chat/data/datasource/api/service/ChatRestService.java"	"62"	"63"	"first-party/Grindr"	"high"
"GET"	"/v5/chat/conversation/{conversationId}/message"	"com.grindrapp.android.chat.data.datasource.api.service.ChatRestService"	"sources/com/grindrapp/android/chat/data/datasource/api/service/ChatRestService.java"	"65"	"66"	"first-party/Grindr"	"high"
"GET"	"v5/chat/media/shared/images/with-me/{conversationId}"	"com.grindrapp.android.chat.data.datasource.api.service.ChatRestService"	"sources/com/grindrapp/android/chat/data/datasource/api/service/ChatRestService.java"	"68"	"69"	"first-party/Grindr"	"high"
"POST"	"v4/phrases/frequency/{id}"	"com.grindrapp.android.chat.data.datasource.api.service.ChatRestService"	"sources/com/grindrapp/android/chat/data/datasource/api/service/ChatRestService.java"	"71"	"72"	"first-party/Grindr"	"high"
"POST"	"v4/chat/conversation/{conversationId}/read/{messageId}"	"com.grindrapp.android.chat.data.datasource.api.service.ChatRestService"	"sources/com/grindrapp/android/chat/data/datasource/api/service/ChatRestService.java"	"74"	"75"	"first-party/Grindr"	"high"
"POST"	"v1/push/conversation/{conversationId}/mute"	"com.grindrapp.android.chat.data.datasource.api.service.ChatRestService"	"sources/com/grindrapp/android/chat/data/datasource/api/service/ChatRestService.java"	"77"	"78"	"first-party/Grindr"	"high"
"POST"	"/v4/pics/expiring"	"com.grindrapp.android.chat.data.datasource.api.service.ChatRestService"	"sources/com/grindrapp/android/chat/data/datasource/api/service/ChatRestService.java"	"80"	"81"	"first-party/Grindr"	"high"
"POST"	"v4/chat/conversation/{conversationId}/pin"	"com.grindrapp.android.chat.data.datasource.api.service.ChatRestService"	"sources/com/grindrapp/android/chat/data/datasource/api/service/ChatRestService.java"	"83"	"84"	"first-party/Grindr"	"high"
"GET"	"/v4/videos/expiring/status"	"com.grindrapp.android.chat.data.datasource.api.service.ChatRestService"	"sources/com/grindrapp/android/chat/data/datasource/api/service/ChatRestService.java"	"86"	"87"	"first-party/Grindr"	"high"
"POST"	"v4/chat/message/reaction"	"com.grindrapp.android.chat.data.datasource.api.service.ChatRestService"	"sources/com/grindrapp/android/chat/data/datasource/api/service/ChatRestService.java"	"89"	"90"	"first-party/Grindr"	"high"
"POST"	"/v4/chat/conversation/{conversationId}/message-by-id"	"com.grindrapp.android.chat.data.datasource.api.service.ChatRestService"	"sources/com/grindrapp/android/chat/data/datasource/api/service/ChatRestService.java"	"92"	"93"	"first-party/Grindr"	"high"
"GET"	"/v4/chat/conversation/{conversationId}/message/{messageId}"	"com.grindrapp.android.chat.data.datasource.api.service.ChatRestService"	"sources/com/grindrapp/android/chat/data/datasource/api/service/ChatRestService.java"	"95"	"96"	"first-party/Grindr"	"high"
"POST"	"v1/inbox/conversation"	"com.grindrapp.android.chat.data.datasource.api.service.ChatRestService"	"sources/com/grindrapp/android/chat/data/datasource/api/service/ChatRestService.java"	"98"	"99"	"first-party/Grindr"	"high"
"POST"	"v4/chat/message/send"	"com.grindrapp.android.chat.data.datasource.api.service.ChatRestService"	"sources/com/grindrapp/android/chat/data/datasource/api/service/ChatRestService.java"	"101"	"102"	"first-party/Grindr"	"high"
"POST"	"v4/chatstatus/typing"	"com.grindrapp.android.chat.data.datasource.api.service.ChatRestService"	"sources/com/grindrapp/android/chat/data/datasource/api/service/ChatRestService.java"	"104"	"105"	"first-party/Grindr"	"high"
"POST"	"v5/chat/translate"	"com.grindrapp.android.chat.data.datasource.api.service.ChatRestService"	"sources/com/grindrapp/android/chat/data/datasource/api/service/ChatRestService.java"	"107"	"108"	"first-party/Grindr"	"high"
"GET"	"/v1/pics/limited/status"	"com.grindrapp.android.chat.data.datasource.api.service.ChatRestService"	"sources/com/grindrapp/android/chat/data/datasource/api/service/ChatRestService.java"	"110"	"111"	"first-party/Grindr"	"high"
"POST"	"v1/push/conversation/{conversationId}/unmute"	"com.grindrapp.android.chat.data.datasource.api.service.ChatRestService"	"sources/com/grindrapp/android/chat/data/datasource/api/service/ChatRestService.java"	"113"	"114"	"first-party/Grindr"	"high"
"POST"	"v4/chat/conversation/{conversationId}/unpin"	"com.grindrapp.android.chat.data.datasource.api.service.ChatRestService"	"sources/com/grindrapp/android/chat/data/datasource/api/service/ChatRestService.java"	"116"	"117"	"first-party/Grindr"	"high"
"POST"	"v4/chat/message/unsend"	"com.grindrapp.android.chat.data.datasource.api.service.ChatRestService"	"sources/com/grindrapp/android/chat/data/datasource/api/service/ChatRestService.java"	"119"	"120"	"first-party/Grindr"	"high"
"POST"	"/v5/recognition/chat"	"com.grindrapp.android.chat.data.datasource.api.service.ChatRestService"	"sources/com/grindrapp/android/chat/data/datasource/api/service/ChatRestService.java"	"122"	"123"	"first-party/Grindr"	"high"
"GET"	"grindr/chat/gaymoji"	"com.grindrapp.android.chat.data.datasource.api.service.GaymojiService"	"sources/com/grindrapp/android/chat/data/datasource/api/service/GaymojiService.java"	"13"	"14"	"first-party/Grindr"	"high"
"GET"	"v1/gifs/trending?limit=50&rating=r"	"com.grindrapp.android.chat.data.datasource.api.service.GiphyService"	"sources/com/grindrapp/android/chat/data/datasource/api/service/GiphyService.java"	"16"	"17"	"third-party"	"high"
"GET"	"v1/gifs/search?limit=50&rating=r"	"com.grindrapp.android.chat.data.datasource.api.service.GiphyService"	"sources/com/grindrapp/android/chat/data/datasource/api/service/GiphyService.java"	"19"	"20"	"third-party"	"high"
"POST"	"/v1/video-call"	"com.grindrapp.android.chat.videocall.api.VideoCallRestService"	"sources/com/grindrapp/android/chat/videocall/api/VideoCallRestService.java"	"23"	"24"	"first-party/Grindr"	"high"
"PATCH"	"/v1/video-call/join"	"com.grindrapp.android.chat.videocall.api.VideoCallRestService"	"sources/com/grindrapp/android/chat/videocall/api/VideoCallRestService.java"	"26"	"27"	"first-party/Grindr"	"high"
"PATCH"	"/v1/video-call/leave"	"com.grindrapp.android.chat.videocall.api.VideoCallRestService"	"sources/com/grindrapp/android/chat/videocall/api/VideoCallRestService.java"	"29"	"30"	"first-party/Grindr"	"high"
"PATCH"	"/v1/video-call"	"com.grindrapp.android.chat.videocall.api.VideoCallRestService"	"sources/com/grindrapp/android/chat/videocall/api/VideoCallRestService.java"	"32"	"33"	"first-party/Grindr"	"high"
"GET"	"/v3/video-call"	"com.grindrapp.android.chat.videocall.api.VideoCallRestService"	"sources/com/grindrapp/android/chat/videocall/api/VideoCallRestService.java"	"35"	"36"	"first-party/Grindr"	"high"
"POST"	"/v1/chat/phrases"	"com.grindrapp.android.chatSuggestions.data.datasource.api.service.ChatSuggestionsRestService"	"sources/com/grindrapp/android/chatSuggestions/data/datasource/api/service/ChatSuggestionsRestService.java"	"19"	"20"	"first-party/Grindr"	"high"
"GET"	"/v1/chat/phrases"	"com.grindrapp.android.chatSuggestions.data.datasource.api.service.ChatSuggestionsRestService"	"sources/com/grindrapp/android/chatSuggestions/data/datasource/api/service/ChatSuggestionsRestService.java"	"22"	"23"	"first-party/Grindr"	"high"
"GET"	"/v1/chat/suggestions"	"com.grindrapp.android.chatSuggestions.data.datasource.api.service.ChatSuggestionsRestService"	"sources/com/grindrapp/android/chatSuggestions/data/datasource/api/service/ChatSuggestionsRestService.java"	"25"	"26"	"first-party/Grindr"	"high"
"POST"	"web/v3/consent/grindr/get"	"com.grindrapp.android.cmp.data.datasource.api.service.KetchConsentService"	"sources/com/grindrapp/android/cmp/data/datasource/api/service/KetchConsentService.java"	"15"	"16"	"third-party"	"high"
"POST"	"v3.1/store/grindrstore/coupons"	"com.grindrapp.android.coupons.data.service.CouponsApiService"	"sources/com/grindrapp/android/coupons/data/service/CouponsApiService.java"	"15"	"16"	"first-party/Grindr"	"high"
"POST"	"v1/handoff-token"	"com.grindrapp.android.crescendo.data.remote.api.CrescendoApiService"	"sources/com/grindrapp/android/crescendo/data/remote/api/CrescendoApiService.java"	"13"	"14"	"first-party/Grindr"	"high"
"POST"	"/v1/verification/device-keys/challenge"	"com.grindrapp.android.devicesigning.data.datasource.api.service.DeviceSigningService"	"sources/com/grindrapp/android/devicesigning/data/datasource/api/service/DeviceSigningService.java"	"16"	"17"	"first-party/Grindr"	"high"
"POST"	"/v1/verification/device-keys"	"com.grindrapp.android.devicesigning.data.datasource.api.service.DeviceSigningService"	"sources/com/grindrapp/android/devicesigning/data/datasource/api/service/DeviceSigningService.java"	"19"	"20"	"first-party/Grindr"	"high"
"GET"	"v4/discover"	"com.grindrapp.android.discover.data.api.DiscoverService"	"sources/com/grindrapp/android/discover/data/api/DiscoverService.java"	"20"	"21"	"first-party/Grindr"	"high"
"POST"	"v1/me/pass/{profileId}"	"com.grindrapp.android.discover.data.api.DiscoverService"	"sources/com/grindrapp/android/discover/data/api/DiscoverService.java"	"23"	"24"	"first-party/Grindr"	"high"
"PUT"	"v1/discover/preferences"	"com.grindrapp.android.discover.data.api.DiscoverService"	"sources/com/grindrapp/android/discover/data/api/DiscoverService.java"	"26"	"27"	"first-party/Grindr"	"high"
"POST"	"v1/explore_heatmaps"	"com.grindrapp.android.explore.impl.heatmaps.data.api.ExploreService"	"sources/com/grindrapp/android/explore/impl/heatmaps/data/api/ExploreService.java"	"16"	"17"	"first-party/Grindr"	"high"
"GET"	"v1/explore_heatmaps/all_locations"	"com.grindrapp.android.explore.impl.heatmaps.data.api.ExploreService"	"sources/com/grindrapp/android/explore/impl/heatmaps/data/api/ExploreService.java"	"19"	"20"	"first-party/Grindr"	"high"
"POST"	"v6/profiles/travel"	"com.grindrapp.android.explore.impl.itinerary.data.api.TravelPlanRestService"	"sources/com/grindrapp/android/explore/impl/itinerary/data/api/TravelPlanRestService.java"	"22"	"23"	"first-party/Grindr"	"high"
"DELETE"	"v6/profiles/travel/{travelPlanId}"	"com.grindrapp.android.explore.impl.itinerary.data.api.TravelPlanRestService"	"sources/com/grindrapp/android/explore/impl/itinerary/data/api/TravelPlanRestService.java"	"25"	"26"	"first-party/Grindr"	"high"
"GET"	"/v3/places/search"	"com.grindrapp.android.explore.impl.itinerary.data.api.TravelPlanRestService"	"sources/com/grindrapp/android/explore/impl/itinerary/data/api/TravelPlanRestService.java"	"28"	"29"	"first-party/Grindr"	"high"
"GET"	"v6/profiles/travel/{profileId}"	"com.grindrapp.android.explore.impl.itinerary.data.api.TravelPlanRestService"	"sources/com/grindrapp/android/explore/impl/itinerary/data/api/TravelPlanRestService.java"	"31"	"32"	"first-party/Grindr"	"high"
"POST"	"v6/profiles/travel/update"	"com.grindrapp.android.explore.impl.itinerary.data.api.TravelPlanRestService"	"sources/com/grindrapp/android/explore/impl/itinerary/data/api/TravelPlanRestService.java"	"34"	"35"	"first-party/Grindr"	"high"
"GET"	"v1/social-events/{socialEventId}"	"com.grindrapp.android.feature.events.data.api.EventsService"	"sources/com/grindrapp/android/feature/events/data/api/EventsService.java"	"20"	"21"	"first-party/Grindr"	"high"
"GET"	"v1/social-events"	"com.grindrapp.android.feature.events.data.api.EventsService"	"sources/com/grindrapp/android/feature/events/data/api/EventsService.java"	"23"	"24"	"first-party/Grindr"	"high"
"POST"	"v1/social-events/{socialEventId}/attendees"	"com.grindrapp.android.feature.events.data.api.EventsService"	"sources/com/grindrapp/android/feature/events/data/api/EventsService.java"	"26"	"27"	"first-party/Grindr"	"high"
"DELETE"	"v1/social-events/{socialEventId}/attendees"	"com.grindrapp.android.feature.events.data.api.EventsService"	"sources/com/grindrapp/android/feature/events/data/api/EventsService.java"	"29"	"30"	"first-party/Grindr"	"high"
"GET"	"v2/health/placement"	"com.grindrapp.android.feature.healthcenter.woodwork.data.service.WoodworkService"	"sources/com/grindrapp/android/feature/healthcenter/woodwork/data/service/WoodworkService.java"	"14"	"15"	"first-party/Grindr"	"high"
"POST"	"public/v1/notifications/ack"	"com.grindrapp.android.feature.notifications.data.datasource.api.service.NotificationService"	"sources/com/grindrapp/android/feature/notifications/data/datasource/api/service/NotificationService.java"	"15"	"16"	"first-party/Grindr"	"high"
"POST"	"api/token"	"com.grindrapp.android.feature.profile.data.api.spotify.SpotifyAuthRestService"	"sources/com/grindrapp/android/feature/profile/data/api/spotify/SpotifyAuthRestService.java"	"17"	"18"	"third-party"	"high"
"POST"	"api/token"	"com.grindrapp.android.feature.profile.data.api.spotify.SpotifyAuthRestService"	"sources/com/grindrapp/android/feature/profile/data/api/spotify/SpotifyAuthRestService.java"	"21"	"22"	"third-party"	"high"
"POST"	"api/token"	"com.grindrapp.android.feature.profile.data.api.spotify.SpotifyAuthRestService"	"sources/com/grindrapp/android/feature/profile/data/api/spotify/SpotifyAuthRestService.java"	"25"	"26"	"third-party"	"high"
"GET"	"/v4/spotify/favorites/{profileId}"	"com.grindrapp.android.feature.profile.data.api.spotify.SpotifyGrindrRestService"	"sources/com/grindrapp/android/feature/profile/data/api/spotify/SpotifyGrindrRestService.java"	"18"	"19"	"first-party/Grindr"	"high"
"POST"	"/v4/spotify/favorites"	"com.grindrapp.android.feature.profile.data.api.spotify.SpotifyGrindrRestService"	"sources/com/grindrapp/android/feature/profile/data/api/spotify/SpotifyGrindrRestService.java"	"21"	"22"	"first-party/Grindr"	"high"
"GET"	"v1/me/player/recently-played"	"com.grindrapp.android.feature.profile.data.api.spotify.SpotifyRestService"	"sources/com/grindrapp/android/feature/profile/data/api/spotify/SpotifyRestService.java"	"19"	"20"	"third-party"	"high"
"GET"	"v1/tracks"	"com.grindrapp.android.feature.profile.data.api.spotify.SpotifyRestService"	"sources/com/grindrapp/android/feature/profile/data/api/spotify/SpotifyRestService.java"	"22"	"23"	"third-party"	"high"
"GET"	"v1/search"	"com.grindrapp.android.feature.profile.data.api.spotify.SpotifyRestService"	"sources/com/grindrapp/android/feature/profile/data/api/spotify/SpotifyRestService.java"	"25"	"26"	"third-party"	"high"
"GET"	"v1/genders"	"com.grindrapp.android.feature.profile.data.datasource.api.GenderRestService"	"sources/com/grindrapp/android/feature/profile/data/datasource/api/GenderRestService.java"	"19"	"20"	"first-party/Grindr"	"high"
"GET"	"public/v2/genders"	"com.grindrapp.android.feature.profile.data.datasource.api.GenderRestService"	"sources/com/grindrapp/android/feature/profile/data/datasource/api/GenderRestService.java"	"22"	"23"	"first-party/Grindr"	"high"
"GET"	"v1/pronouns"	"com.grindrapp.android.feature.profile.data.datasource.api.GenderRestService"	"sources/com/grindrapp/android/feature/profile/data/datasource/api/GenderRestService.java"	"25"	"26"	"first-party/Grindr"	"high"
"PUT"	"v4/genderpronoun/suggestions"	"com.grindrapp.android.feature.profile.data.datasource.api.GenderRestService"	"sources/com/grindrapp/android/feature/profile/data/datasource/api/GenderRestService.java"	"28"	"29"	"first-party/Grindr"	"high"
"GET"	"public/v1/genders"	"com.grindrapp.android.feature.profile.data.datasource.api.UnAuthGenderRestService"	"sources/com/grindrapp/android/feature/profile/data/datasource/api/UnAuthGenderRestService.java"	"16"	"17"	"first-party/Grindr"	"high"
"GET"	"/v1/tags"	"com.grindrapp.android.feature.tags.data.TagCatalogApiService"	"sources/com/grindrapp/android/feature/tags/data/TagCatalogApiService.java"	"14"	"15"	"first-party/Grindr"	"high"
"GET"	"v1/seasonal-events"	"com.grindrapp.android.icon.seasonal.data.remote.SeasonalIconApiService"	"sources/com/grindrapp/android/icon/seasonal/data/remote/SeasonalIconApiService.java"	"13"	"14"	"first-party/Grindr"	"high"
"GET"	"/v2/profile-insights/{profileId}"	"com.grindrapp.android.insights.data.api.ProfileInsightsService"	"sources/com/grindrapp/android/insights/data/api/ProfileInsightsService.java"	"15"	"16"	"first-party/Grindr"	"high"
"GET"	"/v3/profile-insights/me/settings"	"com.grindrapp.android.insights.data.api.ProfileInsightsService"	"sources/com/grindrapp/android/insights/data/api/ProfileInsightsService.java"	"18"	"19"	"first-party/Grindr"	"high"
"GET"	"/v3/profile-insights/{profileId}"	"com.grindrapp.android.insights.data.api.ProfileInsightsService"	"sources/com/grindrapp/android/insights/data/api/ProfileInsightsService.java"	"21"	"22"	"first-party/Grindr"	"high"
"POST"	"/v1/opt-out"	"com.grindrapp.android.legalcompliance.consent.data.datasource.remote.api.ConsentAgreementApiService"	"sources/com/grindrapp/android/legalcompliance/consent/data/datasource/remote/api/ConsentAgreementApiService.java"	"20"	"21"	"first-party/Grindr"	"high"
"POST"	"/v1/opt-in"	"com.grindrapp.android.legalcompliance.consent.data.datasource.remote.api.ConsentAgreementApiService"	"sources/com/grindrapp/android/legalcompliance/consent/data/datasource/remote/api/ConsentAgreementApiService.java"	"23"	"24"	"first-party/Grindr"	"high"
"DELETE"	"/v1/opt-out"	"com.grindrapp.android.legalcompliance.consent.data.datasource.remote.api.ConsentAgreementApiService"	"sources/com/grindrapp/android/legalcompliance/consent/data/datasource/remote/api/ConsentAgreementApiService.java"	"26"	"27"	"first-party/Grindr"	"high"
"PUT"	"/v1/opt-in"	"com.grindrapp.android.legalcompliance.consent.data.datasource.remote.api.ConsentAgreementApiService"	"sources/com/grindrapp/android/legalcompliance/consent/data/datasource/remote/api/ConsentAgreementApiService.java"	"29"	"30"	"first-party/Grindr"	"high"
"PUT"	"/v1/opt-out"	"com.grindrapp.android.legalcompliance.consent.data.datasource.remote.api.ConsentAgreementApiService"	"sources/com/grindrapp/android/legalcompliance/consent/data/datasource/remote/api/ConsentAgreementApiService.java"	"32"	"33"	"first-party/Grindr"	"high"
"DELETE"	"/v1/opt-in"	"com.grindrapp.android.legalcompliance.consent.data.datasource.remote.api.ConsentAgreementApiService"	"sources/com/grindrapp/android/legalcompliance/consent/data/datasource/remote/api/ConsentAgreementApiService.java"	"35"	"36"	"first-party/Grindr"	"high"
"PUT"	"v3/me/legal-agreements"	"com.grindrapp.android.legalcompliance.data.api.LegalAgreementsRestService"	"sources/com/grindrapp/android/legalcompliance/data/api/LegalAgreementsRestService.java"	"24"	"25"	"first-party/Grindr"	"high"
"POST"	"v4/legal-agreements/top-picks"	"com.grindrapp.android.legalcompliance.data.api.LegalAgreementsRestService"	"sources/com/grindrapp/android/legalcompliance/data/api/LegalAgreementsRestService.java"	"27"	"28"	"first-party/Grindr"	"high"
"POST"	"v5/legal-agreements/vip-matchmaker"	"com.grindrapp.android.legalcompliance.data.api.LegalAgreementsRestService"	"sources/com/grindrapp/android/legalcompliance/data/api/LegalAgreementsRestService.java"	"30"	"31"	"first-party/Grindr"	"high"
"DELETE"	"v5/legal-agreements/top-picks"	"com.grindrapp.android.legalcompliance.data.api.LegalAgreementsRestService"	"sources/com/grindrapp/android/legalcompliance/data/api/LegalAgreementsRestService.java"	"33"	"34"	"first-party/Grindr"	"high"
"DELETE"	"v5/legal-agreements/vip-matchmaker"	"com.grindrapp.android.legalcompliance.data.api.LegalAgreementsRestService"	"sources/com/grindrapp/android/legalcompliance/data/api/LegalAgreementsRestService.java"	"36"	"37"	"first-party/Grindr"	"high"
"GET"	"v3/me/legal-agreements"	"com.grindrapp.android.legalcompliance.data.api.LegalAgreementsRestService"	"sources/com/grindrapp/android/legalcompliance/data/api/LegalAgreementsRestService.java"	"39"	"40"	"first-party/Grindr"	"high"
"GET"	"v3/legal-agreements"	"com.grindrapp.android.legalcompliance.data.api.LegalAgreementsRestService"	"sources/com/grindrapp/android/legalcompliance/data/api/LegalAgreementsRestService.java"	"42"	"43"	"first-party/Grindr"	"high"
"GET"	"v5/legal-agreements/top-picks"	"com.grindrapp.android.legalcompliance.data.api.LegalAgreementsRestService"	"sources/com/grindrapp/android/legalcompliance/data/api/LegalAgreementsRestService.java"	"45"	"46"	"first-party/Grindr"	"high"
"GET"	"v5/legal-agreements/vip-matchmaker"	"com.grindrapp.android.legalcompliance.data.api.LegalAgreementsRestService"	"sources/com/grindrapp/android/legalcompliance/data/api/LegalAgreementsRestService.java"	"48"	"49"	"first-party/Grindr"	"high"
"GET"	"/v1/location/neighborhood/{geohash}"	"com.grindrapp.android.location.data.api.LocationService"	"sources/com/grindrapp/android/location/data/api/LocationService.java"	"18"	"19"	"first-party/Grindr"	"high"
"PUT"	"v4/location"	"com.grindrapp.android.location.data.api.LocationService"	"sources/com/grindrapp/android/location/data/api/LocationService.java"	"21"	"22"	"first-party/Grindr"	"high"
"DELETE"	"v4/chat/media/drawer/{mediaId}"	"com.grindrapp.android.mediadrawer.api.MediaDrawerRestService"	"sources/com/grindrapp/android/mediadrawer/api/MediaDrawerRestService.java"	"25"	"26"	"first-party/Grindr"	"high"
"GET"	"v4/chat/media/drawer/{conversationId}"	"com.grindrapp.android.mediadrawer.api.MediaDrawerRestService"	"sources/com/grindrapp/android/mediadrawer/api/MediaDrawerRestService.java"	"28"	"29"	"first-party/Grindr"	"high"
"GET"	"v4/chat/media/drawer"	"com.grindrapp.android.mediadrawer.api.MediaDrawerRestService"	"sources/com/grindrapp/android/mediadrawer/api/MediaDrawerRestService.java"	"31"	"32"	"first-party/Grindr"	"high"
"PUT"	"v4/chat/media/drawer/{mediaId}"	"com.grindrapp.android.mediadrawer.api.MediaDrawerRestService"	"sources/com/grindrapp/android/mediadrawer/api/MediaDrawerRestService.java"	"34"	"35"	"first-party/Grindr"	"high"
"POST"	"v4/chat/media/upload"	"com.grindrapp.android.mediadrawer.api.MediaDrawerRestService"	"sources/com/grindrapp/android/mediadrawer/api/MediaDrawerRestService.java"	"37"	"38"	"first-party/Grindr"	"high"
"POST"	"v5/chat/media/upload"	"com.grindrapp.android.mediadrawer.api.MediaDrawerRestService"	"sources/com/grindrapp/android/mediadrawer/api/MediaDrawerRestService.java"	"40"	"41"	"first-party/Grindr"	"high"
"POST"	"v6/chat/media/upload"	"com.grindrapp.android.mediadrawer.api.MediaDrawerRestService"	"sources/com/grindrapp/android/mediadrawer/api/MediaDrawerRestService.java"	"43"	"44"	"first-party/Grindr"	"high"
"GET"	"/v1/roam"	"com.grindrapp.android.micros.roam.RoamRestService"	"sources/com/grindrapp/android/micros/roam/RoamRestService.java"	"19"	"20"	"first-party/Grindr"	"high"
"PUT"	"v1/roam/arrival/{days}"	"com.grindrapp.android.micros.roam.RoamRestService"	"sources/com/grindrapp/android/micros/roam/RoamRestService.java"	"22"	"23"	"first-party/Grindr"	"high"
"PUT"	"/v1/roam/status/{location}"	"com.grindrapp.android.micros.roam.RoamRestService"	"sources/com/grindrapp/android/micros/roam/RoamRestService.java"	"25"	"26"	"first-party/Grindr"	"high"
"PUT"	"/v1/roam/location"	"com.grindrapp.android.micros.roam.RoamRestService"	"sources/com/grindrapp/android/micros/roam/RoamRestService.java"	"28"	"29"	"first-party/Grindr"	"high"
"POST"	"/v2/offers"	"com.grindrapp.android.offers.OffersService"	"sources/com/grindrapp/android/offers/OffersService.java"	"20"	"21"	"first-party/Grindr"	"high"
"GET"	"v2/offers/eligible"	"com.grindrapp.android.offers.OffersService"	"sources/com/grindrapp/android/offers/OffersService.java"	"23"	"24"	"first-party/Grindr"	"high"
"GET"	"/v2/offers"	"com.grindrapp.android.offers.OffersService"	"sources/com/grindrapp/android/offers/OffersService.java"	"26"	"27"	"first-party/Grindr"	"high"
"GET"	"/v3/available-offers"	"com.grindrapp.android.offers.OffersService"	"sources/com/grindrapp/android/offers/OffersService.java"	"29"	"30"	"first-party/Grindr"	"high"
"POST"	"/v3/offers/events"	"com.grindrapp.android.offers.OffersService"	"sources/com/grindrapp/android/offers/OffersService.java"	"32"	"33"	"first-party/Grindr"	"high"
"GET"	"v3.1/flags/{id}"	"com.grindrapp.android.p089ui.report.data.remote.api.ReportApiService"	"sources/com/grindrapp/android/p089ui/report/data/remote/api/ReportApiService.java"	"20"	"21"	"first-party/Grindr"	"high"
"GET"	"v4/flags/{id}"	"com.grindrapp.android.p089ui.report.data.remote.api.ReportApiService"	"sources/com/grindrapp/android/p089ui/report/data/remote/api/ReportApiService.java"	"23"	"24"	"first-party/Grindr"	"high"
"GET"	"/v1/flags/right-now/{postId}"	"com.grindrapp.android.p089ui.report.data.remote.api.ReportApiService"	"sources/com/grindrapp/android/p089ui/report/data/remote/api/ReportApiService.java"	"26"	"27"	"first-party/Grindr"	"high"
"POST"	"v3.1/flags/{id}"	"com.grindrapp.android.p089ui.report.data.remote.api.ReportApiService"	"sources/com/grindrapp/android/p089ui/report/data/remote/api/ReportApiService.java"	"29"	"30"	"first-party/Grindr"	"high"
"POST"	"v5/flags/{id}"	"com.grindrapp.android.p089ui.report.data.remote.api.ReportApiService"	"sources/com/grindrapp/android/p089ui/report/data/remote/api/ReportApiService.java"	"32"	"33"	"first-party/Grindr"	"high"
"POST"	"/v1/flags/right-now/{postId}"	"com.grindrapp.android.p089ui.report.data.remote.api.ReportApiService"	"sources/com/grindrapp/android/p089ui/report/data/remote/api/ReportApiService.java"	"35"	"36"	"first-party/Grindr"	"high"
"GET"	"/v3/assignment"	"com.grindrapp.android.platform.featureflags.data.service.GrindrAssignmentsService"	"sources/com/grindrapp/android/platform/featureflags/data/service/GrindrAssignmentsService.java"	"19"	"20"	"first-party/Grindr"	"high"
"GET"	"/public/v1/assignments"	"com.grindrapp.android.platform.featureflags.data.service.GrindrAssignmentsService"	"sources/com/grindrapp/android/platform/featureflags/data/service/GrindrAssignmentsService.java"	"23"	"24"	"first-party/Grindr"	"high"
"POST"	"/v2/bulk-exposure"	"com.grindrapp.android.platform.featureflags.data.service.GrindrAssignmentsService"	"sources/com/grindrapp/android/platform/featureflags/data/service/GrindrAssignmentsService.java"	"26"	"27"	"first-party/Grindr"	"high"
"POST"	"v4/recognition/face"	"com.grindrapp.android.platform.media.facedetect.data.api.FaceDetectApiService"	"sources/com/grindrapp/android/platform/media/facedetect/data/api/FaceDetectApiService.java"	"15"	"16"	"first-party/Grindr"	"high"
"POST"	"v1/modal/{modalName}"	"com.grindrapp.android.popup.data.datasource.api.service.PopupModalService"	"sources/com/grindrapp/android/popup/data/datasource/api/service/PopupModalService.java"	"16"	"17"	"first-party/Grindr"	"high"
"GET"	"v1/modal"	"com.grindrapp.android.popup.data.datasource.api.service.PopupModalService"	"sources/com/grindrapp/android/popup/data/datasource/api/service/PopupModalService.java"	"19"	"20"	"first-party/Grindr"	"high"
"POST"	"v3/me/blocks/{profileId}"	"com.grindrapp.android.profile.data.datasource.api.service.BlockRestService"	"sources/com/grindrapp/android/profile/data/datasource/api/service/BlockRestService.java"	"19"	"20"	"first-party/Grindr"	"high"
"GET"	"v3.1/me/blocks"	"com.grindrapp.android.profile.data.datasource.api.service.BlockRestService"	"sources/com/grindrapp/android/profile/data/datasource/api/service/BlockRestService.java"	"22"	"23"	"first-party/Grindr"	"high"
"GET"	"v4/me/blocks"	"com.grindrapp.android.profile.data.datasource.api.service.BlockRestService"	"sources/com/grindrapp/android/profile/data/datasource/api/service/BlockRestService.java"	"25"	"26"	"first-party/Grindr"	"high"
"DELETE"	"v3/me/blocks"	"com.grindrapp.android.profile.data.datasource.api.service.BlockRestService"	"sources/com/grindrapp/android/profile/data/datasource/api/service/BlockRestService.java"	"28"	"29"	"first-party/Grindr"	"high"
"DELETE"	"v3/me/blocks/{targetProfileId}"	"com.grindrapp.android.profile.data.datasource.api.service.BlockRestService"	"sources/com/grindrapp/android/profile/data/datasource/api/service/BlockRestService.java"	"31"	"32"	"first-party/Grindr"	"high"
"GET"	"v1/hides"	"com.grindrapp.android.profile.data.datasource.api.service.HiddenProfilesRestService"	"sources/com/grindrapp/android/profile/data/datasource/api/service/HiddenProfilesRestService.java"	"18"	"19"	"first-party/Grindr"	"high"
"POST"	"v1/me/hides/{profileId}"	"com.grindrapp.android.profile.data.datasource.api.service.HiddenProfilesRestService"	"sources/com/grindrapp/android/profile/data/datasource/api/service/HiddenProfilesRestService.java"	"21"	"22"	"first-party/Grindr"	"high"
"DELETE"	"v1/hides"	"com.grindrapp.android.profile.data.datasource.api.service.HiddenProfilesRestService"	"sources/com/grindrapp/android/profile/data/datasource/api/service/HiddenProfilesRestService.java"	"24"	"25"	"first-party/Grindr"	"high"
"DELETE"	"v1/hides/{profileId}"	"com.grindrapp.android.profile.data.datasource.api.service.HiddenProfilesRestService"	"sources/com/grindrapp/android/profile/data/datasource/api/service/HiddenProfilesRestService.java"	"27"	"28"	"first-party/Grindr"	"high"
"POST"	"/v1/ratings/ack"	"com.grindrapp.android.rating.data.api.RatingBannerService"	"sources/com/grindrapp/android/rating/data/api/RatingBannerService.java"	"13"	"14"	"first-party/Grindr"	"high"
"POST"	"v1/reddot/{type}"	"com.grindrapp.android.reddot.data.api.RedDotRestService"	"sources/com/grindrapp/android/reddot/data/api/RedDotRestService.java"	"16"	"17"	"first-party/Grindr"	"high"
"GET"	"v1/reddot"	"com.grindrapp.android.reddot.data.api.RedDotRestService"	"sources/com/grindrapp/android/reddot/data/api/RedDotRestService.java"	"19"	"20"	"first-party/Grindr"	"high"
"POST"	"/v1/rightnow/requests"	"com.grindrapp.android.rightnow.data.datasource.api.service.RightNowRestService"	"sources/com/grindrapp/android/rightnow/data/datasource/api/service/RightNowRestService.java"	"35"	"36"	"first-party/Grindr"	"high"
"POST"	"/v3/rightnow/posts"	"com.grindrapp.android.rightnow.data.datasource.api.service.RightNowRestService"	"sources/com/grindrapp/android/rightnow/data/datasource/api/service/RightNowRestService.java"	"38"	"39"	"first-party/Grindr"	"high"
"POST"	"/v4/rightnow/posts"	"com.grindrapp.android.rightnow.data.datasource.api.service.RightNowRestService"	"sources/com/grindrapp/android/rightnow/data/datasource/api/service/RightNowRestService.java"	"41"	"42"	"first-party/Grindr"	"high"
"GET"	"/v3/rightnow/active-post"	"com.grindrapp.android.rightnow.data.datasource.api.service.RightNowRestService"	"sources/com/grindrapp/android/rightnow/data/datasource/api/service/RightNowRestService.java"	"44"	"45"	"first-party/Grindr"	"high"
"GET"	"/v3/rightnow/profiles/{profileId}"	"com.grindrapp.android.rightnow.data.datasource.api.service.RightNowRestService"	"sources/com/grindrapp/android/rightnow/data/datasource/api/service/RightNowRestService.java"	"47"	"48"	"first-party/Grindr"	"high"
"GET"	"/{version}/rightnow/feed"	"com.grindrapp.android.rightnow.data.datasource.api.service.RightNowRestService"	"sources/com/grindrapp/android/rightnow/data/datasource/api/service/RightNowRestService.java"	"50"	"51"	"first-party/Grindr"	"high"
"GET"	"/v1/rightnow/googleplay/sku"	"com.grindrapp.android.rightnow.data.datasource.api.service.RightNowRestService"	"sources/com/grindrapp/android/rightnow/data/datasource/api/service/RightNowRestService.java"	"53"	"54"	"first-party/Grindr"	"high"
"GET"	"/v1/rightnow/requests/inbox"	"com.grindrapp.android.rightnow.data.datasource.api.service.RightNowRestService"	"sources/com/grindrapp/android/rightnow/data/datasource/api/service/RightNowRestService.java"	"56"	"57"	"first-party/Grindr"	"high"
"GET"	"/v1/entitlements"	"com.grindrapp.android.rightnow.data.datasource.api.service.RightNowRestService"	"sources/com/grindrapp/android/rightnow/data/datasource/api/service/RightNowRestService.java"	"59"	"60"	"first-party/Grindr"	"high"
"GET"	"/v1/rightnow/requests/outbox"	"com.grindrapp.android.rightnow.data.datasource.api.service.RightNowRestService"	"sources/com/grindrapp/android/rightnow/data/datasource/api/service/RightNowRestService.java"	"62"	"63"	"first-party/Grindr"	"high"
"PATCH"	"/{version}/rightnow/posts/{postId}"	"com.grindrapp.android.rightnow.data.datasource.api.service.RightNowRestService"	"sources/com/grindrapp/android/rightnow/data/datasource/api/service/RightNowRestService.java"	"65"	"66"	"first-party/Grindr"	"high"
"PATCH"	"/v1/rightnow/posts/{postId}/settings"	"com.grindrapp.android.rightnow.data.datasource.api.service.RightNowRestService"	"sources/com/grindrapp/android/rightnow/data/datasource/api/service/RightNowRestService.java"	"68"	"69"	"first-party/Grindr"	"high"
"PUT"	"/v1/rightnow/requests/{requestId}"	"com.grindrapp.android.rightnow.data.datasource.api.service.RightNowRestService"	"sources/com/grindrapp/android/rightnow/data/datasource/api/service/RightNowRestService.java"	"71"	"72"	"first-party/Grindr"	"high"
"POST"	"/v1/media/upload"	"com.grindrapp.android.rightnow.data.datasource.api.service.RightNowRestService"	"sources/com/grindrapp/android/rightnow/data/datasource/api/service/RightNowRestService.java"	"74"	"75"	"first-party/Grindr"	"high"
"GET"	"v1/seasonal-events"	"com.grindrapp.android.seasonalbranding.data.remote.SeasonalBrandingApiService"	"sources/com/grindrapp/android/seasonalbranding/data/remote/SeasonalBrandingApiService.java"	"16"	"17"	"first-party/Grindr"	"high"
"PUT"	"v1/seasonal-events/features/preferences"	"com.grindrapp.android.seasonalbranding.data.remote.SeasonalBrandingApiService"	"sources/com/grindrapp/android/seasonalbranding/data/remote/SeasonalBrandingApiService.java"	"19"	"20"	"first-party/Grindr"	"high"
"GET"	"v3/store/googleplay/products/store"	"com.grindrapp.android.store.data.remote.StoreApiRestService"	"sources/com/grindrapp/android/store/data/remote/StoreApiRestService.java"	"33"	"34"	"first-party/Grindr"	"high"
"GET"	"v1/store/googleplay/products/profile_drawer"	"com.grindrapp.android.store.data.remote.StoreApiRestService"	"sources/com/grindrapp/android/store/data/remote/StoreApiRestService.java"	"36"	"37"	"first-party/Grindr"	"high"
"POST"	"v1/consumables/attribution/tokens"	"com.grindrapp.android.store.data.remote.StoreApiRestService"	"sources/com/grindrapp/android/store/data/remote/StoreApiRestService.java"	"39"	"40"	"first-party/Grindr"	"high"
"GET"	"v2/store/googleplay/products/{oneStopShopCategory}"	"com.grindrapp.android.store.data.remote.StoreApiRestService"	"sources/com/grindrapp/android/store/data/remote/StoreApiRestService.java"	"42"	"43"	"first-party/Grindr"	"high"
"POST"	"v1/store/attribution/tokens"	"com.grindrapp.android.store.data.remote.StoreApiRestService"	"sources/com/grindrapp/android/store/data/remote/StoreApiRestService.java"	"45"	"46"	"first-party/Grindr"	"high"
"GET"	"v1/shop/googleplay/products-with-details/{oneStopShopCategory}"	"com.grindrapp.android.store.data.remote.StoreApiRestService"	"sources/com/grindrapp/android/store/data/remote/StoreApiRestService.java"	"48"	"49"	"first-party/Grindr"	"high"
"GET"	"v1/shop/googleplay/products/{oneStopShopCategory}"	"com.grindrapp.android.store.data.remote.StoreApiRestService"	"sources/com/grindrapp/android/store/data/remote/StoreApiRestService.java"	"51"	"52"	"first-party/Grindr"	"high"
"POST"	"v3.1/store/googleplay/purchases"	"com.grindrapp.android.store.data.remote.StoreApiRestService"	"sources/com/grindrapp/android/store/data/remote/StoreApiRestService.java"	"54"	"55"	"first-party/Grindr"	"high"
"POST"	"v3.1/store/googleplay/purchases/restorations"	"com.grindrapp.android.store.data.remote.StoreApiRestService"	"sources/com/grindrapp/android/store/data/remote/StoreApiRestService.java"	"57"	"58"	"first-party/Grindr"	"high"
"POST"	"/v1/store/googleplay/consumables/purchases"	"com.grindrapp.android.store.data.remote.StoreApiRestService"	"sources/com/grindrapp/android/store/data/remote/StoreApiRestService.java"	"60"	"61"	"first-party/Grindr"	"high"
"POST"	"/v1/store/googleplay/subscriptions/purchases"	"com.grindrapp.android.store.data.remote.StoreApiRestService"	"sources/com/grindrapp/android/store/data/remote/StoreApiRestService.java"	"63"	"64"	"first-party/Grindr"	"high"
"POST"	"v1/store/googleplay/subscriptions/restorations"	"com.grindrapp.android.store.data.remote.StoreApiRestService"	"sources/com/grindrapp/android/store/data/remote/StoreApiRestService.java"	"66"	"67"	"first-party/Grindr"	"high"
"GET"	"v3/me/subscriptions"	"com.grindrapp.android.store.data.remote.StoreApiRestService"	"sources/com/grindrapp/android/store/data/remote/StoreApiRestService.java"	"69"	"70"	"first-party/Grindr"	"high"
"GET"	"/v1/store-and-profile"	"com.grindrapp.android.storeandprofile.data.remote.StoreAndProfileApiService"	"sources/com/grindrapp/android/storeandprofile/data/remote/StoreAndProfileApiService.java"	"13"	"14"	"first-party/Grindr"	"high"
"GET"	"v1/similar-profiles"	"com.grindrapp.android.suggestedprofiles.data.api.SuggestedProfilesService"	"sources/com/grindrapp/android/suggestedprofiles/data/api/SuggestedProfilesService.java"	"14"	"15"	"first-party/Grindr"	"high"
"GET"	"/v5/profile-tags/translations"	"com.grindrapp.android.tagsearch.TagSearchRestService"	"sources/com/grindrapp/android/tagsearch/TagSearchRestService.java"	"20"	"21"	"first-party/Grindr"	"high"
"GET"	"/v1/tags"	"com.grindrapp.android.tagsearch.TagSearchRestService"	"sources/com/grindrapp/android/tagsearch/TagSearchRestService.java"	"23"	"24"	"first-party/Grindr"	"high"
"PUT"	"/v4/profile-tags/suggestions"	"com.grindrapp.android.tagsearch.TagSearchRestService"	"sources/com/grindrapp/android/tagsearch/TagSearchRestService.java"	"26"	"27"	"first-party/Grindr"	"high"
"DELETE"	"v1/interactions/taps/received/{senderId}"	"com.grindrapp.android.taps.api.TapRestService"	"sources/com/grindrapp/android/taps/api/TapRestService.java"	"21"	"22"	"first-party/Grindr"	"high"
"GET"	"v1/interactions/taps/sent"	"com.grindrapp.android.taps.api.TapRestService"	"sources/com/grindrapp/android/taps/api/TapRestService.java"	"24"	"25"	"first-party/Grindr"	"high"
"GET"	"v2/taps/received"	"com.grindrapp.android.taps.api.TapRestService"	"sources/com/grindrapp/android/taps/api/TapRestService.java"	"27"	"28"	"first-party/Grindr"	"high"
"POST"	"v2/taps/add"	"com.grindrapp.android.taps.api.TapRestService"	"sources/com/grindrapp/android/taps/api/TapRestService.java"	"30"	"31"	"first-party/Grindr"	"high"
"POST"	"/v1/agreements/ban"	"com.grindrapp.android.timedbans.data.datasource.remote.api.TimedBansApiService"	"sources/com/grindrapp/android/timedbans/data/datasource/remote/api/TimedBansApiService.java"	"15"	"16"	"first-party/Grindr"	"high"
"GET"	"/v1/toppicks/entitlements/messaging/{profileId}"	"com.grindrapp.android.toppicks.data.datasource.api.TopPicksApiService"	"sources/com/grindrapp/android/toppicks/data/datasource/api/TopPicksApiService.java"	"17"	"18"	"first-party/Grindr"	"high"
"POST"	"/v1/toppicks/entitlements/messaging/{profileId}"	"com.grindrapp.android.toppicks.data.datasource.api.TopPicksApiService"	"sources/com/grindrapp/android/toppicks/data/datasource/api/TopPicksApiService.java"	"20"	"21"	"first-party/Grindr"	"high"
"PUT"	"/v1/toppicks/passed/{passedProfileId}"	"com.grindrapp.android.toppicks.data.datasource.api.TopPicksApiService"	"sources/com/grindrapp/android/toppicks/data/datasource/api/TopPicksApiService.java"	"23"	"24"	"first-party/Grindr"	"high"
"POST"	"/v1/decision-appeal"	"com.grindrapp.android.trustvendor.data.datasource.remote.api.TrustVendorApiService"	"sources/com/grindrapp/android/trustvendor/data/datasource/remote/api/TrustVendorApiService.java"	"17"	"18"	"first-party/Grindr"	"high"
"GET"	"/v1/decision-appeal"	"com.grindrapp.android.trustvendor.data.datasource.remote.api.TrustVendorApiService"	"sources/com/grindrapp/android/trustvendor/data/datasource/remote/api/TrustVendorApiService.java"	"20"	"21"	"first-party/Grindr"	"high"
"GET"	"v7/views/list"	"com.grindrapp.android.viewedme.ViewedMeService"	"sources/com/grindrapp/android/viewedme/ViewedMeService.java"	"15"	"16"	"first-party/Grindr"	"high"
"GET"	"v6/views/eyeball"	"com.grindrapp.android.viewedme.ViewedMeService"	"sources/com/grindrapp/android/viewedme/ViewedMeService.java"	"18"	"19"	"first-party/Grindr"	"high"
"GET"	"v3/vip-profiles"	"com.grindrapp.android.vip.data.service.VipService"	"sources/com/grindrapp/android/vip/data/service/VipService.java"	"16"	"17"	"first-party/Grindr"	"high"
"PUT"	"/v1/vip/passed/{passedProfileId}"	"com.grindrapp.android.vip.data.service.VipService"	"sources/com/grindrapp/android/vip/data/service/VipService.java"	"19"	"20"	"first-party/Grindr"	"high"
